{"cameraMode":{"drawMode":0,"name":"Shaded","section":"Shading Mode"},"sceneLighting":false,"audioPlay":false,"sceneViewState":{"showFog":true,"showMaterialUpdate":false,"showSkybox":false,"showFlares":true,"showImageEffects":true,"showParticleSystems":true},"in2DMode":false,"pivot":{"x":0.09505219757556915,"y":0.396817684173584,"z":-0.48388153314590456},"rotation":{"x":0.28533974289894106,"y":-0.0674983561038971,"z":0.020150307565927507,"w":0.9558374881744385},"size":2.2628281116485597,"orthographic":true}