{"cameraMode":{"drawMode":0,"name":"Shaded","section":"Shading Mode"},"sceneLighting":false,"audioPlay":false,"sceneViewState":{"showFog":true,"showMaterialUpdate":false,"showSkybox":false,"showFlares":true,"showImageEffects":true,"showParticleSystems":true},"in2DMode":false,"pivot":{"x":22.521724700927736,"y":10.116283416748047,"z":95.24095153808594},"rotation":{"x":-0.028462113812565805,"y":-0.048859067261219028,"z":-0.001392918056808412,"w":0.9984003305435181},"size":8.123735427856446,"orthographic":true}