{"cameraMode":{"drawMode":0,"name":"Shaded","section":"Shading Mode"},"sceneLighting":false,"audioPlay":false,"sceneViewState":{"showFog":true,"showMaterialUpdate":false,"showSkybox":false,"showFlares":true,"showImageEffects":true,"showParticleSystems":true},"in2DMode":false,"pivot":{"x":-1.885657548904419,"y":0.10278022289276123,"z":-0.48863768577575686},"rotation":{"x":0.15758973360061646,"y":-0.44345322251319888,"z":0.07943056523799896,"w":0.8788017630577087},"size":16.097089767456056,"orthographic":false}