{"cameraMode":{"drawMode":0,"name":"Shaded","section":"Shading Mode"},"sceneLighting":false,"audioPlay":false,"sceneViewState":{"showFog":true,"showMaterialUpdate":false,"showSkybox":false,"showFlares":true,"showImageEffects":true,"showParticleSystems":true},"in2DMode":false,"pivot":{"x":2.5716757774353029,"y":8.757257461547852,"z":81.76104736328125},"rotation":{"x":-0.06678646802902222,"y":0.8145565390586853,"z":-0.09574081003665924,"w":-0.5682206749916077},"size":1.4132459163665772,"orthographic":false}