{"cameraMode":{"drawMode":0,"name":"Shaded","section":"Shading Mode"},"sceneLighting":true,"audioPlay":false,"sceneViewState":{"showFog":true,"showMaterialUpdate":false,"showSkybox":false,"showFlares":true,"showImageEffects":true,"showParticleSystems":true},"in2DMode":false,"pivot":{"x":-0.048999786376953128,"y":-0.10299968719482422,"z":0.44499969482421877},"rotation":{"x":0.26965993642807009,"y":-0.3876100778579712,"z":0.1195172443985939,"w":0.8734171390533447},"size":80.02074432373047,"orthographic":false}