{"cameraMode":{"drawMode":0,"name":"Shaded","section":"Shading Mode"},"sceneLighting":false,"audioPlay":false,"sceneViewState":{"showFog":true,"showMaterialUpdate":false,"showSkybox":false,"showFlares":true,"showImageEffects":true,"showParticleSystems":true},"in2DMode":false,"pivot":{"x":51.39208221435547,"y":50.08571243286133,"z":34.434547424316409},"rotation":{"x":0.15311463177204133,"y":-0.7579253911972046,"z":0.19175408780574799,"w":0.6045607328414917},"size":2.4947381019592287,"orthographic":false}