{"cameraMode":{"drawMode":0,"name":"Shaded","section":"Shading Mode"},"sceneLighting":false,"audioPlay":false,"sceneViewState":{"showFog":true,"showMaterialUpdate":false,"showSkybox":false,"showFlares":true,"showImageEffects":true,"showParticleSystems":true},"in2DMode":false,"pivot":{"x":0.022709518671035768,"y":1.5917587280273438,"z":-0.3033212423324585},"rotation":{"x":0.14275971055030824,"y":-0.046648506075143817,"z":0.006635285913944244,"w":0.988686740398407},"size":3.5184054374694826,"orthographic":true}