{"cameraMode":{"drawMode":0,"name":"Shaded","section":"Shading Mode"},"sceneLighting":false,"audioPlay":false,"sceneViewState":{"showFog":true,"showMaterialUpdate":false,"showSkybox":false,"showFlares":true,"showImageEffects":true,"showParticleSystems":true},"in2DMode":false,"pivot":{"x":61.70140075683594,"y":56.24230194091797,"z":38.53904724121094},"rotation":{"x":0.30486202239990237,"y":-0.17859764397144319,"z":0.05831538885831833,"w":0.9336833953857422},"size":16.103559494018556,"orthographic":false}