{"cameraMode":{"drawMode":0,"name":"Shaded","section":"Shading Mode"},"sceneLighting":false,"audioPlay":false,"sceneViewState":{"showFog":true,"showMaterialUpdate":false,"showSkybox":false,"showFlares":true,"showImageEffects":true,"showParticleSystems":true},"in2DMode":false,"pivot":{"x":0.05564909428358078,"y":0.4000510573387146,"z":-0.7826416492462158},"rotation":{"x":0.4048313796520233,"y":0.5498277544975281,"z":-0.3458822965621948,"w":0.6435922980308533},"size":4.117834568023682,"orthographic":true}